{"cameraMode":{"drawMode":0,"name":"Shaded","section":"Shading Mode"},"sceneLighting":false,"audioPlay":false,"sceneViewState":{"m_AlwaysRefresh":false,"showFog":true,"showSkybox":false,"showFlares":true,"showImageEffects":true,"showParticleSystems":true,"showVisualEffectGraphs":true,"m_FxEnabled":true},"in2DMode":false,"pivot":{"x":0.7969999313354492,"y":0.8738770484924316,"z":-1.7905001640319825},"rotation":{"x":0.13841837644577027,"y":0.115375816822052,"z":-0.013968070037662983,"w":0.9848392009735107},"size":2.969198226928711,"orthographic":false}